product,model,persona_id,linkedin_headline,blurb,word_count,persona_elements,interest_matches,product_elements,feature_mentions,personalization_score,product_relevance_score,combined_score
AetherGuard AI-Driven Smart Security Hub,ChatGPT,1,VP of Sales | FinTech,"Elevate your home security with the AetherGuard AI-Driven Smart Security Hub—designed for the tech-savvy professional like you. Experience intelligent threat detection with real-time insights and a 360-degree HD view, ensuring peace of mind while you focus on closing your next big deal. Seamlessly integrate with your smart home system and receive customizable alerts, all voice-activated for your convenience. Empower your security and stay ahead in the FinTech revolution!",68,1,2,1,0,0.25,0.125,0.1875
AetherGuard AI-Driven Smart Security Hub,ChatGPT,2,VP of Sales | Biotech,"Elevate your home security with the AetherGuard AI-Driven Smart Security Hub, designed for the discerning professional like you. With cutting-edge AI-enhanced threat analysis and a panoramic HD camera, you can monitor your home seamlessly, ensuring peace of mind. Customize alerts and integrate effortlessly with your existing smart home systems, allowing you to focus on pioneering innovations in biotech while staying secure. Experience the future of home security today!",68,1,2,1,0,0.25,0.125,0.1875
AetherGuard AI-Driven Smart Security Hub,ChatGPT,3,Machine Learning Engineer | Gaming,"Elevate your home security with the AetherGuard AI-Driven Smart Security Hub, designed for tech-savvy professionals like you. Experience intelligent threat detection that mirrors the cutting-edge advancements in gaming AI. With real-time analysis, a panoramic HD camera, and voice-activated protocols, you’ll enjoy peace of mind while seamlessly integrating it into your smart home ecosystem. Stay ahead of security threats, just like you do in the latest game challenges—because your home deserves the best in tech innovation.",75,1,3,1,0,0.3333333333333333,0.125,0.22916666666666666
AetherGuard AI-Driven Smart Security Hub,ChatGPT,4,Pharmaceutical Regulatory Lead | Hospitality,"Elevate your home security with the AetherGuard AI-Driven Smart Security Hub, designed for the discerning professional like yourself. With intelligent threat detection and real-time analysis, you can ensure safety while focusing on your leadership in the pharmaceutical sector. Its seamless integration with smart home systems and customizable alerts provide peace of mind, allowing you to stay ahead of trends in both hospitality and health. Experience security that adapts to you.",70,1,2,1,0,0.25,0.125,0.1875
AetherGuard AI-Driven Smart Security Hub,ChatGPT,5,Finance Controller | Automotive,"Elevate your home security with the AetherGuard AI-Driven Smart Security Hub, designed for the tech-savvy professional like you. Experience intelligent threat detection and real-time analysis, ensuring peace of mind while you focus on your automotive finance career. With a 360-degree HD camera view and customizable alerts through your mobile app, this seamless integration with your smart home system keeps your family safe and informed, letting you manage risk like a pro—both at home and in your industry.",77,1,3,1,0,0.3333333333333333,0.125,0.22916666666666666
AetherGuard AI-Driven Smart Security Hub,Claude,1,VP of Sales | FinTech,"Elevate your home security portfolio with the AetherGuard Smart Hub, where FinTech-grade protection meets cutting-edge AI innovation. Just as you leverage data for sales success, this system employs intelligent analytics to safeguard your assets with unprecedented precision. With real-time threat analysis and seamless mobile integration, you'll maintain complete control of your security ecosystem—anywhere deals take you.",56,1,3,0,0,0.3333333333333333,0.0,0.16666666666666666
AetherGuard AI-Driven Smart Security Hub,Claude,2,VP of Sales | Biotech,"As a leader in biotech innovation, you understand how AI transforms industries. The AetherGuard Security Hub brings that same revolutionary approach to home security, utilizing advanced AI algorithms for predictive threat detection. With precision matching your professional standards, it delivers real-time analysis and seamless mobile integration—ensuring your home is protected with the same cutting-edge intelligence that drives modern medical breakthroughs.",60,1,1,0,0,0.16666666666666666,0.0,0.08333333333333333
AetherGuard AI-Driven Smart Security Hub,Claude,3,Machine Learning Engineer | Gaming,"Level up your home security with the AetherGuard Smart Hub, where machine learning meets peace of mind. Like an elite NPC guardian, its AI-driven threat detection system processes real-time data streams to protect your base. With 360° HD coverage and voice commands that respond faster than your favorite game's quick-time events, AetherGuard seamlessly integrates with your smart home ecosystem for next-gen protection.",62,0,1,0,0,0.08333333333333333,0.0,0.041666666666666664
AetherGuard AI-Driven Smart Security Hub,Claude,4,Pharmaceutical Regulatory Lead | Hospitality,"As a leader who understands the importance of regulatory compliance and quality control, you'll appreciate the AetherGuard's systematic approach to home security. Its AI-driven threat analysis works like a vigilant compliance officer, monitoring your property 24/7 with clinical precision. The customizable alert protocols and detailed documentation mirror the structured processes you value, while seamlessly integrating with your existing smart home ecosystem.",61,0,0,0,0,0.0,0.0,0.0
AetherGuard AI-Driven Smart Security Hub,Claude,5,Finance Controller | Automotive,"As a finance professional who values precision and risk management, you'll appreciate the AetherGuard's AI-driven approach to home security. Its real-time threat analysis and customizable alerts deliver the same level of analytical insight you rely on in automotive finance. Monitor your investment 24/7 through the mobile dashboard, with detailed security metrics and intelligent reporting that keeps you in complete control.",60,1,2,0,0,0.25,0.0,0.125
AetherGuard AI-Driven Smart Security Hub,Gemini,1,VP of Sales | FinTech,"As a FinTech leader, you understand the power of innovation.  AetherGuard brings that same cutting-edge AI to your home security.  Experience seamless, real-time threat analysis and 360° HD surveillance, all managed through a smart app.  Just like your sales team, AetherGuard works proactively to safeguard what matters most.  Invest in peace of mind.",53,1,2,0,0,0.25,0.0,0.125
AetherGuard AI-Driven Smart Security Hub,Gemini,2,VP of Sales | Biotech,"As a biotech leader, you understand the importance of cutting-edge technology.  AetherGuard offers that same innovation for your home security.  AI-driven threat analysis provides real-time insights and proactive protection, giving you peace of mind while you focus on pushing boundaries in the biotech world.  Experience seamless security with 360° HD video and customizable smart alerts.",55,1,2,0,0,0.25,0.0,0.125
AetherGuard AI-Driven Smart Security Hub,Gemini,3,Machine Learning Engineer | Gaming,"Level up your home security with the AetherGuard AI-Driven Smart Hub.  Just like your favorite game engine, its AI-powered threat analysis anticipates and neutralizes threats in real-time. Enjoy 360-degree HD surveillance and customizable alerts, all seamlessly integrated with your smart home.  Focus on conquering those boss levels, knowing AetherGuard has your back.",52,0,2,0,0,0.16666666666666666,0.0,0.08333333333333333
AetherGuard AI-Driven Smart Security Hub,Gemini,4,Pharmaceutical Regulatory Lead | Hospitality,"As a busy regulatory lead, you understand the importance of proactive security.  The AetherGuard Smart Security Hub provides seamless, AI-powered protection for your home.  Enjoy real-time threat analysis and customizable alerts, ensuring peace of mind while you focus on leading and innovating, both at work and at home.  Integrate it effortlessly with your existing smart home system for complete control.",60,0,0,0,0,0.0,0.0,0.0
AetherGuard AI-Driven Smart Security Hub,Gemini,5,Finance Controller | Automotive,"Managing risk is key, whether it's automotive finances or home security.  AetherGuard's AI-powered Smart Security Hub offers real-time threat analysis and 360° HD surveillance, providing you with the intelligent control you need for seamless home protection.  Customize alerts and integrate with your smart home system for comprehensive peace of mind.",50,1,2,0,0,0.25,0.0,0.125
FlexMaster Pro Adjustable Dumbbell Set,ChatGPT,1,VP of Sales | FinTech,"Elevate your home gym with the FlexMaster Pro Adjustable Dumbbell Set, designed for busy professionals like you who value efficiency. With an adjustable weight range of 5 to 52.5 lbs and a space-saving design, this all-in-one set allows for quick transitions between exercises, maximizing your workout time. Durable steel construction and ergonomic handles ensure both safety and longevity. Transform your fitness routine and stay ahead in your game—because success is built on strength.",73,0,0,1,0,0.0,0.125,0.0625
FlexMaster Pro Adjustable Dumbbell Set,ChatGPT,2,VP of Sales | Biotech,"Elevate your home fitness routine with the FlexMaster Pro Adjustable Dumbbell Set—perfect for the busy VP of Sales like you. With an adjustable weight range from 5 to 52.5 lbs and a space-saving design that replaces 15 sets of weights, you can efficiently integrate strength training into your schedule. The ergonomic handles ensure a secure grip, allowing you to focus on pushing boundaries, just as you do in the biotech industry. Transform your workouts today!",75,2,2,1,1,0.3333333333333333,0.25,0.29166666666666663
FlexMaster Pro Adjustable Dumbbell Set,ChatGPT,3,Machine Learning Engineer | Gaming,"Elevate your home gym experience with the FlexMaster Pro Adjustable Dumbbell Set, designed for the dedicated machine learning engineer like you. With an adjustable weight range of 5 to 52.5 lbs and an intuitive dial system, achieving your fitness goals has never been easier. Perfect for those intense gaming sessions, this space-saving set replaces 15 dumbbells, allowing you to streamline your workouts while ensuring durability and comfort. Transform your fitness routine today!",72,2,1,1,0,0.25,0.125,0.1875
FlexMaster Pro Adjustable Dumbbell Set,ChatGPT,4,Pharmaceutical Regulatory Lead | Hospitality,"Elevate your home fitness routine with the FlexMaster Pro Adjustable Dumbbell Set, designed for busy professionals like you. With an adjustable weight range of 5 to 52.5 lbs and a space-saving design, this all-in-one solution allows for efficient strength training that fits into your demanding schedule. The easy-to-use dial system and ergonomic grips ensure a seamless workout experience, empowering you to stay fit and focused on your leadership role in the pharmaceutical industry.",73,0,3,1,0,0.25,0.125,0.1875
FlexMaster Pro Adjustable Dumbbell Set,ChatGPT,5,Finance Controller | Automotive,"Elevate your home gym experience with the FlexMaster Pro Adjustable Dumbbell Set, designed for busy professionals like you. With an adjustable weight range from 5 to 52.5 lbs and a space-saving design, this all-in-one solution streamlines your workouts, allowing you to efficiently manage your fitness routine amidst a demanding schedule. Its durable construction and ergonomic grip ensure long-lasting performance, making it the perfect addition to your commitment to health and well-being.",71,0,0,1,1,0.0,0.25,0.125
FlexMaster Pro Adjustable Dumbbell Set,Claude,1,VP of Sales | FinTech,"Maximize your performance both in and out of the boardroom with the FlexMaster Pro. This innovative adjustable dumbbell system delivers enterprise-level efficiency, replacing 15 traditional dumbbells with one space-optimizing solution. Perfect for high-achieving professionals who understand the value of smart investments, it lets you maintain peak performance between deals without compromising your packed FinTech schedule. Transform your home workout ROI today.",61,1,2,0,0,0.25,0.0,0.125
FlexMaster Pro Adjustable Dumbbell Set,Claude,2,VP of Sales | Biotech,"Optimize your performance with the FlexMaster Pro, designed for biotech leaders who understand the value of precision and efficiency. Like the cutting-edge innovations you champion in personalized medicine, this smart dumbbell system adapts to your exact needs. Transform your home workout space with German-engineered technology that delivers 15 weight combinations in one sleek, space-efficient solution. Perfect for maintaining peak performance between breakthrough meetings.",63,1,3,0,0,0.3333333333333333,0.0,0.16666666666666666
FlexMaster Pro Adjustable Dumbbell Set,Claude,3,Machine Learning Engineer | Gaming,"Level up your fitness journey with the FlexMaster Pro, the smart solution for gamers who value efficiency and adaptability. Like adjusting game difficulty on the fly, this innovative dumbbell set transforms instantly with its precision dial system. Perfect for quick workout sessions between coding sprints or gaming marathons, it optimizes your space while delivering the customization you expect from cutting-edge tech.",61,1,1,0,0,0.16666666666666666,0.0,0.08333333333333333
FlexMaster Pro Adjustable Dumbbell Set,Claude,4,Pharmaceutical Regulatory Lead | Hospitality,"Optimize your wellness routine with the FlexMaster Pro Adjustable Dumbbell Set, designed for leaders who understand the value of efficient processes. Like implementing streamlined regulatory protocols, this all-in-one system transforms your home workout space with precision-engineered weight adjustments. The space-saving design and professional-grade construction deliver consistent results while maintaining the highest quality standards—perfect for maintaining peak performance between demanding professional commitments.",61,0,0,1,0,0.0,0.125,0.0625
FlexMaster Pro Adjustable Dumbbell Set,Claude,5,Finance Controller | Automotive,"Maximize your time efficiency like you manage your financial portfolio with the FlexMaster Pro. This precision-engineered adjustable dumbbell system streamlines your fitness investment, replacing 15 traditional dumbbells with one sophisticated set. The innovative dial system offers precise weight control, while the space-saving design delivers enterprise-level performance in a compact footprint. Perfect for high-value results between market analysis sessions.",58,0,0,0,0,0.0,0.0,0.0
FlexMaster Pro Adjustable Dumbbell Set,Gemini,1,VP of Sales | FinTech,"Level up your performance, both in the boardroom and at home.  The FlexMaster Pro Adjustable Dumbbells offer the efficient, versatile workout you need to stay sharp.  Maximize results in minimal time with this space-saving set, just like optimizing your sales strategy. Invest in your strength and well-being with the same savvy you bring to FinTech.",55,1,1,0,0,0.16666666666666666,0.0,0.08333333333333333
FlexMaster Pro Adjustable Dumbbell Set,Gemini,2,VP of Sales | Biotech,"As a busy biotech leader, you're always pushing boundaries.  Maximize your personal performance with the FlexMaster Pro Adjustable Dumbbells.  This space-saving set replaces 15 sets of weights, letting you efficiently sculpt strength between meetings. Its ergonomic design ensures a secure grip, so you can focus on achieving peak results, just like in your professional life.",55,1,1,0,0,0.16666666666666666,0.0,0.08333333333333333
FlexMaster Pro Adjustable Dumbbell Set,Gemini,3,Machine Learning Engineer | Gaming,"Level up your strength training like you level up your gaming skills. The FlexMaster Pro Adjustable Dumbbells offer a streamlined, efficient workout, maximizing gains in minimal space—perfect for busy engineers.  Swap weights with a simple dial system, leaving you more time for conquering code and boss battles.  Upgrade your home gym and optimize your performance, both in-game and IRL.",59,1,2,0,0,0.25,0.0,0.125
FlexMaster Pro Adjustable Dumbbell Set,Gemini,4,Pharmaceutical Regulatory Lead | Hospitality,"Lead your fitness journey like you lead your team. The FlexMaster Pro Adjustable Dumbbells offer a versatile, efficient workout, transforming your home gym into a high-performance space.  Save time and space with this all-in-one solution, perfect for busy professionals.  Enhance your well-being with a seamless strength training experience, just like enhancing those regulatory processes.",54,0,0,0,0,0.0,0.0,0.0
FlexMaster Pro Adjustable Dumbbell Set,Gemini,5,Finance Controller | Automotive,"Manage your gains like you manage your financials. The FlexMaster Pro Adjustable Dumbbells offer a high-ROI workout, maximizing your results in minimal time.  Swap weights with a simple dial, just like calculating quick ratios. This space-saving, all-in-one solution streamlines your fitness, leaving you with more time to dominate the automotive finance world.  Invest in your well-being today.",57,1,2,0,0,0.25,0.0,0.125
LuxeGlimmer Solar-Powered LED Statement Necklace,ChatGPT,1,VP of Sales | FinTech,"Elevate your professional presence with the LuxeGlimmer Solar-Powered LED Statement Necklace. Designed for the eco-conscious leader, this piece combines sustainable elegance with cutting-edge technology, featuring adjustable brightness and a customizable pendant. Made from 100% recycled sterling silver, it reflects your commitment to innovation in both finance and fashion. Whether you're closing deals or attending conferences, let your style shine sustainably—because true leadership lights the way.",65,0,2,1,1,0.16666666666666666,0.25,0.20833333333333331
LuxeGlimmer Solar-Powered LED Statement Necklace,ChatGPT,2,VP of Sales | Biotech,"Elevate your professional image with the LuxeGlimmer Solar-Powered LED Statement Necklace. Designed for eco-conscious leaders like you in the biotech industry, this necklace combines elegance with sustainability. Crafted from 100% recycled sterling silver, it features adjustable brightness and a customizable pendant, allowing you to express your unique style. Illuminate your presence at networking events while championing innovation in personal and environmental health—because true leadership shines bright.",66,1,2,1,0,0.25,0.125,0.1875
LuxeGlimmer Solar-Powered LED Statement Necklace,ChatGPT,3,Machine Learning Engineer | Gaming,"Elevate your style with the LuxeGlimmer Solar-Powered LED Statement Necklace, a perfect fusion of eco-conscious elegance and cutting-edge design. Just like the innovative AI in gaming, this necklace features adjustable brightness and customizable magnetic pendants, allowing you to express your unique flair. Made from 100% recycled sterling silver, it’s both sustainable and stylish, illuminating your look for up to 12 hours. Shine bright in all weather—perfect for those long coding sessions or weekend gaming marathons!",75,1,1,1,1,0.16666666666666666,0.25,0.20833333333333331
LuxeGlimmer Solar-Powered LED Statement Necklace,ChatGPT,4,Pharmaceutical Regulatory Lead | Hospitality,"Elevate your professional style with the LuxeGlimmer Solar-Powered LED Statement Necklace. Crafted from 100% recycled sterling silver, this eco-friendly piece not only lights up your look but also aligns with your commitment to sustainability. With adjustable brightness and a customizable design, it’s perfect for making a statement during industry meetings or networking events. Illuminate your presence while showcasing your dedication to both elegance and environmental responsibility.",66,0,1,1,0,0.08333333333333333,0.125,0.10416666666666666
LuxeGlimmer Solar-Powered LED Statement Necklace,ChatGPT,5,Finance Controller | Automotive,"Illuminate your professional style with the LuxeGlimmer Solar-Powered LED Statement Necklace. Crafted from 100% recycled sterling silver, this eco-friendly piece features adjustable brightness and customizable pendant designs, perfect for making a bold statement at industry seminars. With a battery life of up to 12 hours and water-resistant durability, it’s designed for the dynamic finance controller who values sustainability without compromising on sophistication. Shine bright while leading the way in automotive finance innovation!",72,2,3,1,0,0.4166666666666667,0.125,0.27083333333333337
LuxeGlimmer Solar-Powered LED Statement Necklace,Claude,1,VP of Sales | FinTech,"Make a bold statement in the boardroom with the LuxeGlimmer Solar-Powered LED Statement Necklace. This innovative fusion of sustainable tech and executive style features customizable brightness settings perfect for commanding attention during keynotes or celebrating those record-breaking deals. With 12-hour battery life and water resistance, it seamlessly transitions from power meetings to evening networking events, while embodying the future of conscious luxury.",62,0,3,1,0,0.25,0.125,0.1875
LuxeGlimmer Solar-Powered LED Statement Necklace,Claude,2,VP of Sales | Biotech,"Illuminate your leadership presence with the innovative LuxeGlimmer LED Statement Necklace. Like breakthrough biotech advances, this piece seamlessly fuses cutting-edge technology with elegant design. The sustainable solar-powered system and customizable magnetic pendants let you adapt your look from boardroom to breakthrough announcements. Made from recycled sterling silver, it's a brilliant statement about leading positive change in both style and sustainability.",60,1,2,0,0,0.25,0.0,0.125
LuxeGlimmer Solar-Powered LED Statement Necklace,Claude,3,Machine Learning Engineer | Gaming,"Level up your style with the LuxeGlimmer LED Necklace - where engineering meets elegance. Like optimizing game engine performance, this smart accessory features customizable brightness controls and modular magnetic attachments. Its sustainable solar-powered system runs for 12 hours on a single charge, bringing AI-inspired illumination to your wardrobe. Perfect for tech enthusiasts who appreciate innovative, eco-conscious design.",57,0,2,0,0,0.16666666666666666,0.0,0.08333333333333333
LuxeGlimmer Solar-Powered LED Statement Necklace,Claude,4,Pharmaceutical Regulatory Lead | Hospitality,"Elevate your professional presence with the LuxeGlimmer Solar-Powered LED Statement Necklace, where sustainable innovation meets executive elegance. Perfect for illuminating those industry conferences and partnership celebrations, this eco-conscious accessory features precision-engineered brightness control and lasting power that matches your long days of regulatory excellence. Its water-resistant design ensures consistent performance, while the customizable pendant system adapts to your dynamic leadership style.",61,0,2,1,0,0.16666666666666666,0.125,0.14583333333333331
LuxeGlimmer Solar-Powered LED Statement Necklace,Claude,5,Finance Controller | Automotive,"Elevate your professional presence with the LuxeGlimmer Solar-Powered LED Statement Necklace - where sustainable innovation meets executive style. Like monitoring ROI in automotive finance, this smart accessory maximizes efficiency with up to 12 hours of illumination per charge. Its precision-engineered recycled silver design and customizable features deliver sophisticated tech-forward appeal that commands attention in the boardroom and beyond.",58,1,3,1,0,0.3333333333333333,0.125,0.22916666666666666
LuxeGlimmer Solar-Powered LED Statement Necklace,Gemini,1,VP of Sales | FinTech,"As a FinTech leader, you're at the forefront of innovation.  The LuxeGlimmer Necklace reflects that same forward-thinking approach. Crafted from recycled silver and powered by the sun, this statement piece offers sustainable elegance. Shine brightly at your next conference or celebration with up to 12 hours of radiant, customizable illumination.  It’s the perfect conversation starter for networking and demonstrates your commitment to a brighter future.",65,1,3,0,0,0.3333333333333333,0.0,0.16666666666666666
LuxeGlimmer Solar-Powered LED Statement Necklace,Gemini,2,VP of Sales | Biotech,"As a leader in biotech, you understand groundbreaking innovation.  The LuxeGlimmer necklace embodies this with its solar-powered elegance. Crafted from recycled silver, its customizable pendant and radiant glow will illuminate your style sustainably, just like the advancements you champion in personalized medicine. Make a statement as bright as your vision for the future.",53,1,5,1,0,0.5,0.125,0.3125
LuxeGlimmer Solar-Powered LED Statement Necklace,Gemini,3,Machine Learning Engineer | Gaming,"Level up your style with the LuxeGlimmer necklace.  This solar-powered statement piece, crafted from recycled silver, offers customizable designs as radiant as the latest game engine updates.  Enjoy 12 hours of eco-friendly illumination – perfect for celebrating that hard-won boss battle victory.  Its water-resistant design ensures all-weather wear, as sleek and innovative as the AI revolutionizing your field.",58,0,4,0,0,0.3333333333333333,0.0,0.16666666666666666
LuxeGlimmer Solar-Powered LED Statement Necklace,Gemini,4,Pharmaceutical Regulatory Lead | Hospitality,"Lead with sustainable style.  The LuxeGlimmer solar-powered necklace, crafted from recycled silver, offers radiant, customizable elegance.  Enjoy all-day, all-weather wear with its impressive 12-hour charge – as efficient and impactful as a strong regulatory process. Shine brightly and responsibly, just like your leadership.",43,0,1,0,0,0.08333333333333333,0.0,0.041666666666666664
LuxeGlimmer Solar-Powered LED Statement Necklace,Gemini,5,Finance Controller | Automotive,"Showcase your forward-thinking style with the LuxeGlimmer Necklace.  Crafted from recycled silver, this solar-powered statement piece offers sustainable elegance, mirroring the innovative spirit of the modern automotive world.  Its adjustable brightness and all-weather design ensure you shine, just like the future of auto finance.",44,1,2,0,0,0.25,0.0,0.125
TruffleTwist Artisan Black Truffle Infused Olive Oil,ChatGPT,1,VP of Sales | FinTech,"Elevate your culinary game with TruffleTwist Artisan Black Truffle Infused Olive Oil. Perfect for the discerning palate of a VP in FinTech, this cold-pressed extra virgin olive oil transforms everyday meals into gourmet experiences. Handcrafted in small batches and infused with premium black truffles, this elegant 250ml bottle is a must-have for impressing clients or celebrating team successes. Treat yourself to a touch of luxury that resonates with your passion for innovation.",72,1,2,1,2,0.25,0.375,0.3125
TruffleTwist Artisan Black Truffle Infused Olive Oil,ChatGPT,2,VP of Sales | Biotech,"Elevate your culinary creations with TruffleTwist Artisan Black Truffle Infused Olive Oil. Crafted for discerning palates, this cold-pressed, non-GMO olive oil infused with premium black truffles adds a touch of gourmet flair to your everyday meals. Perfect for impressing clients at home or enhancing your personal dining experience, this elegant 250ml glass bottle is a testament to innovation—much like the breakthroughs you champion in biotech. Indulge in luxury and transform your dishes today.",73,1,1,1,1,0.16666666666666666,0.25,0.20833333333333331
TruffleTwist Artisan Black Truffle Infused Olive Oil,ChatGPT,3,Machine Learning Engineer | Gaming,"Elevate your culinary creations just like you elevate gaming experiences with TruffleTwist Artisan Black Truffle Infused Olive Oil. This cold-pressed extra virgin olive oil, handcrafted in small batches, brings a gourmet flair to your everyday meals. Perfect for a post-coding celebration or a weekend gaming feast, its luxurious truffle flavor will enhance any dish. Experience the art of cooking with the same passion you have for AI and game design.",70,1,2,1,1,0.25,0.25,0.25
TruffleTwist Artisan Black Truffle Infused Olive Oil,ChatGPT,4,Pharmaceutical Regulatory Lead | Hospitality,"Elevate your culinary creations with TruffleTwist Artisan Black Truffle Infused Olive Oil. Perfect for a pharmaceutical regulatory lead like you, this cold-pressed extra virgin olive oil transforms everyday meals into gourmet experiences. Handcrafted in small batches and infused with premium black truffles, it’s non-GMO and gluten-free, making it a stylish addition to your kitchen. Impress colleagues and guests alike while exploring the latest trends in hospitality and customer experience!",69,2,2,1,3,0.3333333333333333,0.5,0.41666666666666663
TruffleTwist Artisan Black Truffle Infused Olive Oil,ChatGPT,5,Finance Controller | Automotive,"Elevate your culinary creations with TruffleTwist Artisan Black Truffle Infused Olive Oil. As a finance controller with a keen eye for quality, you’ll appreciate the cold-pressed extra virgin olive oil infused with premium black truffles, perfect for impressing clients or enjoying a gourmet meal at home. Handcrafted in small batches and presented in an elegant glass bottle, this luxurious oil transforms everyday dishes into exquisite dining experiences.",67,1,1,1,2,0.16666666666666666,0.375,0.2708333333333333
TruffleTwist Artisan Black Truffle Infused Olive Oil,Claude,1,VP of Sales | FinTech,"Elevate your power lunches and client dinners with TruffleTwist, the executive's secret weapon in culinary excellence. Like closing a premium deal, this artisanal black truffle olive oil delivers exceptional results every time. Handcrafted in small batches for those who appreciate precision and quality, it's the perfect way to demonstrate your refined taste, whether hosting key stakeholders or celebrating team victories.",60,0,1,0,1,0.08333333333333333,0.125,0.10416666666666666
TruffleTwist Artisan Black Truffle Infused Olive Oil,Claude,2,VP of Sales | Biotech,"Precision meets indulgence with TruffleTwist's scientifically crafted black truffle infusion. This small-batch, non-GMO olive oil delivers a consistently exceptional flavor profile that transforms your culinary creations. Like breakthrough innovations in biotech, it's the subtle refinements that make the difference. Elevate your dining experience with this pure, carefully controlled fusion of premium ingredients—a testament to artisanal excellence and molecular mastery.",59,1,1,0,0,0.16666666666666666,0.0,0.08333333333333333
TruffleTwist Artisan Black Truffle Infused Olive Oil,Claude,3,Machine Learning Engineer | Gaming,"Level up your culinary game with TruffleTwist's precision-crafted black truffle oil. Like optimizing code for peak performance, each small-batch blend is engineered to deliver maximum flavor impact. After marathon gaming sessions, transform quick meals into epic dining experiences with just a few drops. It's the perfect power-up for your kitchen arsenal - no cheat codes needed.",56,1,3,0,0,0.3333333333333333,0.0,0.16666666666666666
TruffleTwist Artisan Black Truffle Infused Olive Oil,Claude,4,Pharmaceutical Regulatory Lead | Hospitality,"Elevate your culinary standards with TruffleTwist, where precision meets luxury. Like implementing best practices in regulatory compliance, this meticulously crafted black truffle olive oil maintains the highest quality controls in small-batch production. Perfect for the discerning professional who appreciates both process excellence and refined taste. Transform your home dining experience with this non-GMO, carefully controlled infusion of premium black truffles.",60,0,0,0,0,0.0,0.0,0.0
TruffleTwist Artisan Black Truffle Infused Olive Oil,Claude,5,Finance Controller | Automotive,"Invest in your culinary portfolio with TruffleTwist, a premium asset for the discerning professional. Like a perfectly balanced financial strategy, this artisanal black truffle olive oil delivers consistent, high-yield results in every dish. Crafted in limited batches with meticulous attention to quality control, it's an efficient way to maximize your dining experience with minimal effort. A smart addition to your lifestyle portfolio.",62,0,0,0,0,0.0,0.0,0.0
TruffleTwist Artisan Black Truffle Infused Olive Oil,Gemini,1,VP of Sales | FinTech,"After closing that next big deal, reward yourself and your team with the rich, complex flavor of TruffleTwist Artisan Black Truffle Oil.  This premium, handcrafted oil elevates any dish, just like you elevate your sales game.  Experience the finest ingredients and celebrate success with a taste of true luxury.",49,0,1,0,0,0.08333333333333333,0.0,0.041666666666666664
TruffleTwist Artisan Black Truffle Infused Olive Oil,Gemini,2,VP of Sales | Biotech,"Leading a biotech revolution takes energy. Recharge with TruffleTwist Artisan Black Truffle Oil. This premium, handcrafted olive oil, infused with exquisite black truffles, elevates any meal. Just like your groundbreaking work, it's a sophisticated choice for discerning tastes. Treat yourself to the finest, because you deserve it.",47,1,1,0,0,0.16666666666666666,0.0,0.08333333333333333
TruffleTwist Artisan Black Truffle Infused Olive Oil,Gemini,3,Machine Learning Engineer | Gaming,"Level up your kitchen game with TruffleTwist Black Truffle Oil. After a long coding session optimizing NPCs, reward yourself with a taste of victory. This handcrafted, premium olive oil, infused with real black truffles, adds a sophisticated boost to any dish.  Upgrade your fuel and experience flavor as rich and complex as your latest algorithm.",55,0,2,0,0,0.16666666666666666,0.0,0.08333333333333333
TruffleTwist Artisan Black Truffle Infused Olive Oil,Gemini,4,Pharmaceutical Regulatory Lead | Hospitality,"After a rewarding week leading regulatory improvements, you deserve a taste of luxury.  Elevate your weeknight meals with TruffleTwist Artisan Black Truffle Infused Olive Oil. This handcrafted, premium oil transforms simple dishes into gourmet experiences, just like the transformative leadership you champion.  Treat yourself to the rich flavor of black truffles in a convenient, high-quality 250ml bottle.",57,0,1,1,0,0.08333333333333333,0.125,0.10416666666666666
TruffleTwist Artisan Black Truffle Infused Olive Oil,Gemini,5,Finance Controller | Automotive,"After a long day managing automotive finances, reward yourself with the rich, complex flavor of TruffleTwist Artisan Black Truffle Oil.  This handcrafted, premium oil elevates any meal, much like a smart investment elevates a portfolio.  Drizzle over pasta, steak, or eggs for a taste of luxury as refined as your financial strategies.  Experience the difference quality ingredients make.",58,1,2,0,0,0.25,0.0,0.125
EcoGlow Radiant Skin Revitalizing Serum,ChatGPT,1,VP of Sales | FinTech,"Elevate your professional presence with EcoGlow Radiant Skin Revitalizing Serum. Infused with 95% certified organic ingredients, this powerful serum harnesses the brightening benefits of vitamins C and E to give your skin a naturally radiant glow. As you lead your team to success in the fast-paced FinTech world, let your skin reflect the brilliance of your achievements. Free from harmful chemicals, it’s the perfect choice for the eco-conscious leader. Shine with confidence!",72,1,1,1,0,0.16666666666666666,0.09090909090909091,0.12878787878787878
EcoGlow Radiant Skin Revitalizing Serum,ChatGPT,2,VP of Sales | Biotech,"Elevate your skincare routine with EcoGlow Radiant Skin Revitalizing Serum, designed for the eco-conscious professional like you. Harness the power of 95% certified organic botanicals, infused with vitamins C and E to illuminate your skin naturally. Free from harmful parabens and sulfates, this serum aligns with your values of innovation and sustainability. Shine bright in both your personal and professional life while embracing the future of beauty with EcoGlow.",69,0,2,2,1,0.16666666666666666,0.2727272727272727,0.21969696969696967
EcoGlow Radiant Skin Revitalizing Serum,ChatGPT,3,Machine Learning Engineer | Gaming,"Unlock your skin’s potential with EcoGlow Radiant Skin Revitalizing Serum. Formulated with 95% certified organic ingredients, this serum harnesses the power of vitamin C and E to brighten and rejuvenate, perfect for your busy lifestyle. Just like mastering a complex game engine, achieving radiant skin is about the right tools—no parabens or artificial fragrances, just pure, eco-friendly brilliance. Illuminate your natural beauty while staying true to your eco-conscious values.",69,0,2,1,0,0.16666666666666666,0.09090909090909091,0.12878787878787878
EcoGlow Radiant Skin Revitalizing Serum,ChatGPT,4,Pharmaceutical Regulatory Lead | Hospitality,"Illuminate your skin naturally with EcoGlow Radiant Skin Revitalizing Serum. Perfect for the eco-conscious professional, this serum features 95% certified organic ingredients, infused with brightening vitamins C and E. As a leader in the pharmaceutical field, you understand the importance of purity—this product is free from parabens, sulfates, and artificial fragrances. Embrace your vibrant skin while aligning with your values of sustainability and wellness in the hospitality industry.",68,1,2,2,3,0.25,0.45454545454545453,0.3522727272727273
EcoGlow Radiant Skin Revitalizing Serum,ChatGPT,5,Finance Controller | Automotive,"Elevate your skincare routine with EcoGlow Radiant Skin Revitalizing Serum. Formulated with 95% certified organic ingredients, this serum harnesses the power of vitamin C and E to illuminate your skin naturally. As a finance controller passionate about innovation, you'll appreciate our commitment to eco-conscious beauty—free from parabens, sulfates, and artificial fragrances. Achieve that radiant glow while aligning with your values, all without compromising on quality.",65,1,2,2,3,0.25,0.45454545454545453,0.3522727272727273
EcoGlow Radiant Skin Revitalizing Serum,Claude,1,VP of Sales | FinTech,"Elevate your executive presence with EcoGlow Radiant Skin Revitalizing Serum, the smart investment in your professional image. Just as you leverage technology to drive results, this innovative formula harnesses certified organic botanicals and proven vitamins C & E to deliver measurable skin transformation. Make a confident impression in every high-stakes meeting, while staying true to clean, sustainable choices that reflect modern leadership.",62,0,0,1,0,0.0,0.09090909090909091,0.045454545454545456
EcoGlow Radiant Skin Revitalizing Serum,Claude,2,VP of Sales | Biotech,"Experience skincare innovation at its finest with EcoGlow's scientifically-formulated Radiant Skin Revitalizing Serum. Leveraging breakthrough botanical technology, this precision-engineered formula delivers targeted cellular renewal through a proprietary blend of organic compounds. With 95% certified organic ingredients and clinically-proven brightening agents, it's clean beauty backed by biotechnology. Perfect for maintaining a polished, professional appearance during those high-stakes presentations and leadership moments.",60,1,1,0,0,0.16666666666666666,0.0,0.08333333333333333
EcoGlow Radiant Skin Revitalizing Serum,Claude,3,Machine Learning Engineer | Gaming,"Level up your skincare game with EcoGlow's scientifically optimized formula. Just as you fine-tune your algorithms for peak performance, this smart serum adapts to your skin's needs using advanced botanical intelligence. With 95% organic ingredients working in perfect sync, it's like running the most efficient code for your complexion. No bugs, no bloat - just clean, optimized results you can track.",61,0,1,0,0,0.08333333333333333,0.0,0.041666666666666664
EcoGlow Radiant Skin Revitalizing Serum,Claude,4,Pharmaceutical Regulatory Lead | Hospitality,"As a regulatory professional who understands the importance of verified quality standards, you'll appreciate EcoGlow's certified organic formulation. This meticulously documented serum combines pharmaceutical-grade vitamin C and E with pristine botanical extracts, delivering measurable results while meeting the highest clean beauty benchmarks. Perfect for maintaining a polished, professional appearance during those long partnership meetings and industry conferences.",57,0,2,0,0,0.16666666666666666,0.0,0.08333333333333333
EcoGlow Radiant Skin Revitalizing Serum,Claude,5,Finance Controller | Automotive,"Stay ahead in your high-stakes career with EcoGlow's precision-engineered skincare solution. Just as you analyze risk metrics, this scientifically formulated serum delivers measurable results through its 95% certified organic formula. Powered by a calculated blend of vitamins C and E, it's your smart investment in professional presence. Perfect for long days in the office while maintaining your commitment to clean, sustainable choices.",62,0,0,0,0,0.0,0.0,0.0
EcoGlow Radiant Skin Revitalizing Serum,Gemini,1,VP of Sales | FinTech,"After a demanding quarter closing deals, reward yourself with the EcoGlow Serum.  Just like your innovative FinTech strategies, this serum uses cutting-edge botanical science for radiant, revitalized skin.  Its organic formula is free of harsh chemicals, letting your natural confidence shine through. Invest in yourself – you deserve it.",49,1,3,0,0,0.3333333333333333,0.0,0.16666666666666666
EcoGlow Radiant Skin Revitalizing Serum,Gemini,2,VP of Sales | Biotech,"Leading a demanding career in biotech leaves little time for complex skincare routines. EcoGlow Radiant Skin Revitalizing Serum, formulated with 95% organic botanicals and brightening Vitamin C & E, offers a simple, natural solution for radiant skin.  Free of harsh chemicals, EcoGlow delivers visible results efficiently, just like the breakthroughs you champion in personalized medicine.  Invest in yourself with the same high standards you apply to your groundbreaking work.",69,1,3,1,0,0.3333333333333333,0.09090909090909091,0.2121212121212121
EcoGlow Radiant Skin Revitalizing Serum,Gemini,3,Machine Learning Engineer | Gaming,"Level up your self-care routine.  After those late-night coding sessions, EcoGlow Radiant Skin Revitalizing Serum helps revitalize tired skin with the power of organic botanicals and vitamins C & E.  Free of harsh chemicals, it’s a clean, efficient formula for a naturally radiant look.  Because you deserve to glow, both on screen and off.",54,0,0,1,0,0.0,0.09090909090909091,0.045454545454545456
EcoGlow Radiant Skin Revitalizing Serum,Gemini,4,Pharmaceutical Regulatory Lead | Hospitality,"Leading a demanding career shouldn't compromise your well-being.  EcoGlow Radiant Skin Revitalizing Serum, crafted with 95% organic botanicals and brightening vitamins C and E, offers a naturally radiant complexion. Free from harsh chemicals, EcoGlow provides a pure and effective way to revitalize your skin, just like innovative partnerships revitalize your work. Experience the transformative power of nature.",57,0,0,1,0,0.0,0.09090909090909091,0.045454545454545456
EcoGlow Radiant Skin Revitalizing Serum,Gemini,5,Finance Controller | Automotive,"After a long day managing automotive finances, revitalize your skin with the same efficiency you bring to your work. EcoGlow Serum, crafted with 95% organic botanicals and brightening Vitamin C & E, offers a natural, paraben-free way to achieve radiant skin.  Invest in yourself with the same care you invest in the future of automotive.",55,1,2,0,0,0.25,0.0,0.125
ErgoSmart LuminaDesk LED Desk Organizer,ChatGPT,1,VP of Sales | FinTech,"Elevate your workspace with the ErgoSmart LuminaDesk LED Desk Organizer, designed for the modern VP of Sales like you. Its integrated LED light with adjustable brightness sets the perfect ambiance for focused work, while expandable compartments keep your essential tools organized. With a built-in wireless charger and USB ports, staying connected has never been easier. Embrace effortless organization and declutter your space, empowering you to drive FinTech innovation forward.",69,2,2,1,0,0.3333333333333333,0.125,0.22916666666666666
ErgoSmart LuminaDesk LED Desk Organizer,ChatGPT,2,VP of Sales | Biotech,"Elevate your workspace with the ErgoSmart LuminaDesk LED Desk Organizer—designed for professionals like you in the fast-paced biotech industry. With adjustable lighting to enhance focus and built-in wireless charging for your devices, it streamlines your environment for maximum productivity. The eco-friendly bamboo and aluminum construction adds a touch of sophistication, while expandable compartments keep your essentials organized. Transform your desk into a hub of innovation and clarity, perfect for leading the future of personalized medicine.",75,1,4,1,1,0.4166666666666667,0.25,0.33333333333333337
ErgoSmart LuminaDesk LED Desk Organizer,ChatGPT,3,Machine Learning Engineer | Gaming,"Elevate your workspace with the ErgoSmart LuminaDesk LED Desk Organizer—designed for the modern Machine Learning Engineer. This sleek organizer features adjustable LED lighting to illuminate your coding sessions, while its eco-friendly bamboo design complements your tech-savvy aesthetic. With expandable compartments for your essentials and built-in wireless charging, you can keep your desk clutter-free and focused on achieving your next gaming milestone. Experience effortless organization and productivity in one elegant solution.",70,2,1,1,0,0.25,0.125,0.1875
ErgoSmart LuminaDesk LED Desk Organizer,ChatGPT,4,Pharmaceutical Regulatory Lead | Hospitality,"Elevate your workspace with the ErgoSmart LuminaDesk LED Desk Organizer, designed for professionals like you who value efficiency and organization. Its integrated LED light, with adjustable brightness levels, ensures you stay focused during late-night project reviews. The eco-friendly bamboo and aluminum construction complements your commitment to sustainability, while expandable compartments and a built-in wireless charger keep your essentials in reach. Transform your workspace into a hub of productivity today!",69,0,0,1,1,0.0,0.25,0.125
ErgoSmart LuminaDesk LED Desk Organizer,ChatGPT,5,Finance Controller | Automotive,"Transform your workspace with the ErgoSmart LuminaDesk LED Desk Organizer, designed for finance professionals like you. Featuring an integrated LED light with adjustable brightness, it ensures you have optimal lighting for reviewing critical documents or analyzing reports. With expandable compartments and a built-in wireless charger, this eco-friendly organizer keeps your desk clutter-free and your devices powered. Elevate your productivity and make a statement in automotive finance with this essential addition to your office.",73,1,2,1,0,0.25,0.125,0.1875
ErgoSmart LuminaDesk LED Desk Organizer,Claude,1,VP of Sales | FinTech,"Elevate your deal-closing workspace with the ErgoSmart LuminaDesk, designed for fintech leaders who demand excellence. This premium organizer seamlessly integrates cutting-edge technology with professional organization, featuring adjustable LED lighting for those late-quarter strategy sessions and wireless charging for staying connected. With its sleek aluminum-bamboo design and expandable compartments, it's the innovation your high-performance workspace deserves. Transform your desk into a command center worthy of your next big win.",68,1,4,0,0,0.4166666666666667,0.0,0.20833333333333334
ErgoSmart LuminaDesk LED Desk Organizer,Claude,2,VP of Sales | Biotech,"Elevate your biotech leadership workspace with the ErgoSmart LuminaDesk, where precision meets innovation. Perfect for reviewing breakthrough research under adjustable LED lighting, this premium organizer features expandable compartments for keeping vital materials within reach. The integrated wireless charging and USB connectivity ensure your devices stay powered through those groundbreaking development meetings. Crafted from sustainable materials to match your forward-thinking mindset.",60,1,2,0,0,0.25,0.0,0.125
ErgoSmart LuminaDesk LED Desk Organizer,Claude,3,Machine Learning Engineer | Gaming,"Level up your battlestation with the ErgoSmart LuminaDesk, designed for developers who game as hard as they code. With customizable LED lighting to match your setup's ambiance and smart charging ports for all your devices, this organizer keeps your workspace optimized for marathon coding sessions and epic gaming breaks. The expandable compartments adapt to your gear, just like your machine learning models.",62,1,1,0,0,0.16666666666666666,0.0,0.08333333333333333
ErgoSmart LuminaDesk LED Desk Organizer,Claude,4,Pharmaceutical Regulatory Lead | Hospitality,"Elevate your regulatory workflow with the ErgoSmart LuminaDesk, designed for precision-focused professionals like you. Its adjustable LED lighting ensures optimal visibility while reviewing critical documentation, while the expandable compartments keep your essential materials systematically organized. Perfect for maintaining compliance standards, this eco-conscious desk companion features wireless charging and USB connectivity to keep your devices ready for those important cross-functional meetings.",60,0,0,0,0,0.0,0.0,0.0
ErgoSmart LuminaDesk LED Desk Organizer,Claude,5,Finance Controller | Automotive,"Elevate your financial control center with the ErgoSmart LuminaDesk, designed for automotive finance professionals who demand precision. Transform your workspace with adjustable LED lighting perfect for analyzing reports, while the expandable compartments keep your essential documents organized. The integrated wireless charging and USB ports ensure your devices stay powered through those critical risk assessment meetings and financial planning sessions.",59,1,2,0,0,0.25,0.0,0.125
ErgoSmart LuminaDesk LED Desk Organizer,Gemini,1,VP of Sales | FinTech,"As a FinTech leader, your time is valuable.  The ErgoSmart LuminaDesk optimizes your workspace with illuminated organization and device charging, so you can focus on closing deals and leading your team to #SalesSuccess.  Its sleek bamboo and aluminum design complements any modern office, reflecting your innovative spirit.  Experience effortless productivity with the LuminaDesk.",53,1,2,0,0,0.25,0.0,0.125
ErgoSmart LuminaDesk LED Desk Organizer,Gemini,2,VP of Sales | Biotech,Leading the future of biotech demands peak performance.  The ErgoSmart LuminaDesk empowers you with effortless organization and customizable LED lighting to optimize your workspace.  Its eco-friendly design and integrated charging capabilities keep you powered up and focused on what matters: groundbreaking innovation.  Experience the illuminated edge.,46,1,2,0,0,0.25,0.0,0.125
ErgoSmart LuminaDesk LED Desk Organizer,Gemini,3,Machine Learning Engineer | Gaming,"Level up your workspace optimization with the ErgoSmart LuminaDesk.  Its adjustable LED lighting and expandable compartments provide the precision engineering you appreciate, perfect for those late-night coding sessions optimizing game AI.  Plus, integrated charging keeps your devices powered up for those victorious gaming moments.",44,1,2,0,0,0.25,0.0,0.125
ErgoSmart LuminaDesk LED Desk Organizer,Gemini,4,Pharmaceutical Regulatory Lead | Hospitality,"Leading a regulatory team requires peak organization.  The ErgoSmart LuminaDesk helps you achieve just that.  Its illuminated compartments and expandable design bring order to your workspace, while the built-in charger keeps you powered up.  Enhance your productivity and focus with this eco-friendly, premium desk organizer.",45,0,0,0,0,0.0,0.0,0.0
ErgoSmart LuminaDesk LED Desk Organizer,Gemini,5,Finance Controller | Automotive,"Streamline your workspace like you streamline automotive financing. The ErgoSmart LuminaDesk LED Desk Organizer offers illuminated organization with expandable compartments, perfect for managing documents and charging devices.  Its sleek design complements a modern professional setting, boosting efficiency and reducing desk clutter—just what a finance controller needs.",46,2,2,1,0,0.3333333333333333,0.125,0.22916666666666666
PurrfectDreams Heated Cat Bed,ChatGPT,1,VP of Sales | FinTech,"Elevate your cat's comfort with the PurrfectDreams Heated Cat Bed—a luxurious addition to your busy life as a VP of Sales in FinTech. Designed with adjustable temperature settings, this eco-friendly bed ensures your feline friend enjoys restful sleep, allowing you to focus on closing deals and driving innovation. With a machine washable cover and automatic shut-off, it seamlessly fits into your professional lifestyle while providing your pet the ultimate relaxation experience.",71,2,3,1,0,0.4166666666666667,0.1,0.25833333333333336
PurrfectDreams Heated Cat Bed,ChatGPT,2,VP of Sales | Biotech,"Elevate your cat's comfort with the PurrfectDreams Heated Cat Bed—designed for discerning pet owners like you. With adjustable temperature settings and eco-friendly materials, this luxury bed ensures your feline companion enjoys restorative sleep, perfect for recharging after a day of innovation in the biotech field. Its machine-washable cover and safety features make it both practical and stylish, allowing you to balance your professional life with pampering your pet. Treat your furry friend to the ultimate in relaxation.",77,1,1,1,0,0.16666666666666666,0.1,0.13333333333333333
PurrfectDreams Heated Cat Bed,ChatGPT,3,Machine Learning Engineer | Gaming,"Elevate your cat’s comfort game with the PurrfectDreams Heated Cat Bed—where luxury meets technology. As a gaming enthusiast and machine learning engineer, you appreciate innovation; this bed features adjustable temperature settings and eco-friendly materials, ensuring your feline companion enjoys restful sleep year-round. With a machine-washable cover and automatic shut-off, it’s as practical as it is cozy. Treat your pet to the ultimate relaxation experience, and watch them recharge for those long gaming sessions together!",74,2,2,1,0,0.3333333333333333,0.1,0.21666666666666667
PurrfectDreams Heated Cat Bed,ChatGPT,4,Pharmaceutical Regulatory Lead | Hospitality,"As a Pharmaceutical Regulatory Lead with a keen eye for innovation, you understand the importance of comfort—not just for your clients, but for your furry companions too. The PurrfectDreams Heated Cat Bed offers adjustable warmth and eco-friendly materials, ensuring your cat enjoys restful sleep while you focus on enhancing regulatory processes. With its machine washable cover and safety features, this luxury bed reflects your commitment to quality and care in both your professional and personal life.",76,1,1,1,0,0.16666666666666666,0.1,0.13333333333333333
PurrfectDreams Heated Cat Bed,ChatGPT,5,Finance Controller | Automotive,"Elevate your feline's comfort with the PurrfectDreams Heated Cat Bed, designed for discerning cat owners like you. With adjustable temperature settings, this eco-friendly bed ensures your pet enjoys restful sleep year-round—perfect after a long day of navigating the complexities of automotive finance. The machine-washable cover and automatic shut-off feature provide peace of mind, allowing you to focus on your career while treating your cat to luxury. Choose the best for your furry companion!",73,1,2,1,0,0.25,0.1,0.175
PurrfectDreams Heated Cat Bed,Claude,1,VP of Sales | FinTech,"Invest in your feline companion's well-being with the PurrfectDreams Heated Cat Bed - a smart solution for busy professionals. Like optimizing your sales pipeline, this tech-forward pet accessory delivers measurable results through precision temperature control and automated safety features. The innovative design maximizes comfort ROI while the eco-friendly materials align with forward-thinking values. A strategic addition to your high-performance lifestyle.",60,0,0,1,0,0.0,0.1,0.05
PurrfectDreams Heated Cat Bed,Claude,2,VP of Sales | Biotech,"Bring laboratory-grade precision to your feline friend's comfort with the PurrfectDreams Heated Cat Bed. Featuring intelligent temperature control technology and automated safety protocols, this innovative pet wellness solution optimizes your cat's rest cycles through customizable warmth settings. The bio-engineered eco-friendly materials and precision-controlled heating elements ensure consistent comfort, while the automated shut-off provides peace of mind during your long days at the office.",63,0,0,1,0,0.0,0.1,0.05
PurrfectDreams Heated Cat Bed,Claude,3,Machine Learning Engineer | Gaming,"Level up your feline companion's rest with the PurrfectDreams Heated Cat Bed - engineered for optimal comfort using smart temperature algorithms. Like fine-tuning your gaming rig, you can customize warmth settings for peak performance. The auto-shutdown feature runs silently in the background while your cat enjoys uninterrupted sleep cycles. It's the ultimate upgrade for your furry player two's comfort stats.",60,1,1,1,0,0.16666666666666666,0.1,0.13333333333333333
PurrfectDreams Heated Cat Bed,Claude,4,Pharmaceutical Regulatory Lead | Hospitality,"Experience pharmaceutical-grade comfort for your feline companion with PurrfectDreams Heated Cat Bed. Featuring precision temperature control and automated safety protocols, this premium bed delivers regulated warmth with the same attention to detail you expect in professional environments. The quality-assured design includes eco-certified materials and a washable cover, ensuring consistent comfort while maintaining the highest standards of hygiene and safety.",59,0,1,1,0,0.08333333333333333,0.1,0.09166666666666667
PurrfectDreams Heated Cat Bed,Claude,5,Finance Controller | Automotive,"Invest in your feline companion's well-being with the PurrfectDreams Heated Cat Bed - engineered for optimal comfort and efficiency. Featuring precision temperature control and smart auto-shutoff technology, this premium bed delivers measurable returns in pet satisfaction. Its energy-efficient design and automated safety features provide peace of mind while you're managing your demanding schedule. A smart addition to any tech-savvy household.",60,0,1,1,0,0.08333333333333333,0.1,0.09166666666666667
PurrfectDreams Heated Cat Bed,Gemini,1,VP of Sales | FinTech,"Close the deal on ultimate feline comfort.  After a long day of leading your team to #SalesSuccess, give your furry friend the PurrfectDreams Heated Cat Bed.  This innovative, eco-friendly bed offers adjustable temperature settings for year-round relaxation – just like a personalized climate control system for your cat.  Invest in their purrfect sleep.",53,0,1,1,0,0.08333333333333333,0.1,0.09166666666666667
PurrfectDreams Heated Cat Bed,Gemini,2,VP of Sales | Biotech,"Leading a biotech company demands peak performance.  Ensure your feline companion is equally optimized with the PurrfectDreams Heated Cat Bed.  Its innovative, adjustable temperature settings provide personalized comfort, while the eco-friendly materials align with your values.  Give your cat the restful sleep they deserve, so they can be ready for any breakthrough cuddles.  Available in Small.",56,1,2,1,0,0.25,0.1,0.175
PurrfectDreams Heated Cat Bed,Gemini,3,Machine Learning Engineer | Gaming,"After long coding sessions optimizing game AI, even *you* need to recharge.  Give your feline companion the ultimate comfort upgrade with the PurrfectDreams Heated Cat Bed.  Its adjustable temperature settings and eco-friendly design offer purrfectly optimized relaxation, just like your latest game engine integration.  Available in Small – perfect for level one companions.",53,0,3,1,0,0.25,0.1,0.175
PurrfectDreams Heated Cat Bed,Gemini,4,Pharmaceutical Regulatory Lead | Hospitality,"After a long day leading and innovating, you deserve to relax.  Ensure your feline companion experiences the same level of comfort with the PurrfectDreams Heated Cat Bed.  Its eco-friendly, machine-washable design offers customizable warmth and an automatic shut-off for worry-free relaxation, just like the peace of mind brought by enhanced regulatory processes.  Treat your furry friend to the ultimate in comfort.",61,0,0,1,0,0.0,0.1,0.05
PurrfectDreams Heated Cat Bed,Gemini,5,Finance Controller | Automotive,"After a long day managing automotive finances, you deserve to unwind.  Ensure your feline companion enjoys the same level of comfort with the PurrfectDreams Heated Cat Bed.  Its adjustable settings and automatic shut-off offer risk-free relaxation, while the eco-friendly design aligns with forward-thinking values. Invest in their purrfect sleep – available in Small.",53,1,2,1,0,0.25,0.1,0.175
SkyQuest UltraLite All-Terrain Hiking Boots,ChatGPT,1,VP of Sales | FinTech,"Elevate your outdoor adventures with the SkyQuest UltraLite All-Terrain Hiking Boots, designed for the modern professional like you. Weighing just 1.5 lbs per boot, they combine lightweight durability with advanced traction and all-day comfort, so you can conquer every trail with confidence. Perfect for unwinding after closing that big deal, these boots feature waterproof full-grain leather and breathable mesh lining—ensuring you stay focused on the journey ahead.",67,0,1,1,0,0.08333333333333333,0.125,0.10416666666666666
SkyQuest UltraLite All-Terrain Hiking Boots,ChatGPT,2,VP of Sales | Biotech,"Elevate your outdoor adventures with the SkyQuest UltraLite All-Terrain Hiking Boots. Designed for the discerning professional, these lightweight boots (only 1.5 lbs each) offer unmatched durability and comfort. With a waterproof full-grain leather upper and advanced traction grip, you'll navigate diverse terrains confidently. Perfect for unwinding after a week of pushing boundaries in biotech, enjoy breathable mesh lining and cushioned insoles that keep you comfortable on every trail. Conquer the great outdoors with style and ease!",76,1,2,1,1,0.25,0.25,0.25
SkyQuest UltraLite All-Terrain Hiking Boots,ChatGPT,3,Machine Learning Engineer | Gaming,"Elevate your outdoor adventures with the SkyQuest UltraLite All-Terrain Hiking Boots, designed for the tech-savvy professional like you. With a waterproof full-grain leather upper and advanced traction grip, these boots ensure you conquer every trail effortlessly. Weighing just 1.5 lbs, they offer the lightweight durability you need for those weekend hikes. Experience all-day comfort and optimal ventilation, allowing you to focus on exploring the great outdoors and perhaps even testing AI-driven navigation apps along the way!",76,0,1,1,1,0.08333333333333333,0.25,0.16666666666666666
SkyQuest UltraLite All-Terrain Hiking Boots,ChatGPT,4,Pharmaceutical Regulatory Lead | Hospitality,"Elevate your outdoor adventures with the SkyQuest UltraLite All-Terrain Hiking Boots, designed for professionals like you who value both comfort and performance. With a waterproof full-grain leather upper and advanced traction grip, these boots ensure you conquer every trail with confidence. Weighing just 1.5 lbs, they offer the lightweight durability you need for those invigorating hikes, allowing you to explore the latest hospitality trends and leadership insights in the great outdoors.",71,1,2,1,1,0.25,0.25,0.25
SkyQuest UltraLite All-Terrain Hiking Boots,ChatGPT,5,Finance Controller | Automotive,"Elevate your outdoor adventures with the SkyQuest UltraLite All-Terrain Hiking Boots—crafted for professionals like you who value durability and performance. With a waterproof full-grain leather upper and advanced traction grip, these boots ensure you conquer every trail confidently. Weighing just 1.5 lbs per boot, they offer all-day comfort, making them perfect for those weekend getaways after a week of financial strategizing in the automotive sector. Step into your next adventure!",70,1,2,1,1,0.25,0.25,0.25
SkyQuest UltraLite All-Terrain Hiking Boots,Claude,1,VP of Sales | FinTech,"Elevate your leadership journey beyond the boardroom with SkyQuest UltraLite boots - where executive performance meets outdoor excellence. These precision-engineered boots deliver breakthrough comfort and reliability, just like your winning sales strategies. At just 1.5 lbs, they're as agile as your market moves, while the advanced traction technology ensures you stay confident and in control on every path you choose.",60,0,0,0,0,0.0,0.0,0.0
SkyQuest UltraLite All-Terrain Hiking Boots,Claude,2,VP of Sales | Biotech,"Pioneer your path to peak performance with the SkyQuest UltraLite. Just as precision matters in biotech breakthroughs, these innovative hiking boots deliver engineered excellence through advanced materials and intelligent design. The ultralight construction maintains professional poise while pushing boundaries, featuring laboratory-tested waterproof technology and scientifically optimized cushioning. Lead confidently through any terrain with footwear that matches your drive for innovation.",60,1,1,0,0,0.16666666666666666,0.0,0.08333333333333333
SkyQuest UltraLite All-Terrain Hiking Boots,Claude,3,Machine Learning Engineer | Gaming,"Level up your outdoor experience with the SkyQuest UltraLite boots - engineered for peak performance like your favorite gaming rig. These adaptive boots process real-time terrain data through advanced grip algorithms, while the lightweight architecture lets you navigate trails with the precision of a well-coded AI. With optimized comfort parameters, you'll maintain peak stats through every adventure. Time to unlock your next outdoor achievement.",64,1,1,0,0,0.16666666666666666,0.0,0.08333333333333333
SkyQuest UltraLite All-Terrain Hiking Boots,Claude,4,Pharmaceutical Regulatory Lead | Hospitality,"Transform your daily routine with the SkyQuest UltraLite Hiking Boots, where precision engineering meets professional-grade comfort. Like implementing robust quality controls, these boots deliver consistent performance across diverse terrains. The scientifically validated cushioning system and controlled ventilation provide measurable comfort benefits, while the regulatory-grade waterproof leather ensures compliance with the highest durability standards. Perfect for maintaining work-life balance.",58,0,0,0,0,0.0,0.0,0.0
SkyQuest UltraLite All-Terrain Hiking Boots,Claude,5,Finance Controller | Automotive,"Navigate your path to success with the precision-engineered SkyQuest UltraLite Hiking Boots. Like managing risk in automotive finance, these boots deliver controlled performance across diverse terrains. The innovative lightweight design maximizes efficiency without compromising on durability - a smart investment in your outdoor portfolio. With advanced traction technology and premium waterproofing, you're equipped to confidently tackle any challenge ahead.",59,1,3,0,0,0.3333333333333333,0.0,0.16666666666666666
SkyQuest UltraLite All-Terrain Hiking Boots,Gemini,1,VP of Sales | FinTech,"Conquer your next summit, whether it's a mountain trail or a sales target.  The SkyQuest UltraLite Hiking Boots offer the lightweight agility and all-terrain traction you need to perform at your peak.  Just like your FinTech innovations, these boots are built for comfort and durable performance, allowing you to explore new heights with confidence.  Experience the ultimate in lightweight durability.",60,1,2,0,0,0.25,0.0,0.125
SkyQuest UltraLite All-Terrain Hiking Boots,Gemini,2,VP of Sales | Biotech,"After a summit of groundbreaking biotech innovations, you deserve a summit of your own. Conquer any trail with the SkyQuest UltraLite Hiking Boots. Experience lightweight durability (just 1.5 lbs!) and all-day comfort, letting you focus on the view, not your feet.  Built with advanced traction and waterproof leather, these boots are as resilient and adaptable as you are.",58,1,2,0,0,0.25,0.0,0.125
SkyQuest UltraLite All-Terrain Hiking Boots,Gemini,3,Machine Learning Engineer | Gaming,"Level up your weekend adventures with the SkyQuest UltraLite Hiking Boots.  Engineered for lightweight durability, much like your optimized code, these boots let you conquer any terrain with confidence.  Enjoy all-day comfort, even after tackling that epic climb.  Explore further, discover more, and experience the ultimate performance, on and off-screen.",50,0,2,0,0,0.16666666666666666,0.0,0.08333333333333333
SkyQuest UltraLite All-Terrain Hiking Boots,Gemini,4,Pharmaceutical Regulatory Lead | Hospitality,"Lead the way on your next adventure, just like you do in the boardroom. The SkyQuest UltraLite Hiking Boots offer the lightweight durability and all-day comfort you need to conquer any trail.  Experience ultimate performance with advanced traction and breathability, allowing you to focus on the view, not your feet.  Perfect for recharging after leading the charge in regulatory processes.",60,0,0,0,0,0.0,0.0,0.0
SkyQuest UltraLite All-Terrain Hiking Boots,Gemini,5,Finance Controller | Automotive,"After a long week managing automotive finances, unwind and conquer new terrains with the SkyQuest UltraLite Hiking Boots.  Lightweight yet durable, much like a well-structured financial portfolio, these boots offer superior comfort and advanced traction for any trail. Experience the freedom of the outdoors without weighing yourself down.  Invest in your weekend adventures.",53,1,2,0,0,0.25,0.0,0.125
STEMQuest RoboLab Adventure Kit,ChatGPT,1,VP of Sales | FinTech,"Elevate your child's creativity and critical thinking with the STEMQuest RoboLab Adventure Kit. Perfect for young innovators aged 8-12, this kit empowers them to build and code their own robots using over 150 snap-together parts. With an interactive coding app and story-based learning modules, your child will explore the exciting intersection of technology and creativity—just like you do in the world of FinTech. Inspire their future success today!",68,1,2,1,0,0.25,0.125,0.1875
STEMQuest RoboLab Adventure Kit,ChatGPT,2,VP of Sales | Biotech,"Elevate your child's curiosity and critical thinking with the STEMQuest RoboLab Adventure Kit. As a VP of Sales in biotech, you understand the importance of innovation; this kit empowers kids to build and code their own robots through interactive, story-based learning. With over 150 snap-together parts and a Bluetooth-connected app, your child will explore the future of technology while developing essential skills. Inspire the next generation of thinkers and creators today!",71,2,2,1,0,0.3333333333333333,0.125,0.22916666666666666
STEMQuest RoboLab Adventure Kit,ChatGPT,3,Machine Learning Engineer | Gaming,"Unlock the potential of young minds with the STEMQuest RoboLab Adventure Kit! Perfect for nurturing creativity and critical thinking, this kit empowers kids to build and code their own robots using 150+ snap-together parts. With an interactive, story-based learning app compatible with iOS and Android, children can dive into the world of robotics just as you explore AI in gaming. Equip the next generation of innovators—let their adventures in coding begin!",71,1,1,1,0,0.16666666666666666,0.125,0.14583333333333331
STEMQuest RoboLab Adventure Kit,ChatGPT,4,Pharmaceutical Regulatory Lead | Hospitality,"Empower the next generation of innovators with the STEMQuest RoboLab Adventure Kit. This engaging robotics kit offers over 150 snap-together parts and a Bluetooth-connected coding app, perfect for fostering creativity and critical thinking in your curious child. With interactive story-based modules, your young learner will explore technology in a fun, hands-on way. As a leader in the pharmaceutical sector, inspire your child's journey toward innovation and problem-solving skills that will benefit them in any industry.",75,0,2,1,0,0.16666666666666666,0.125,0.14583333333333331
STEMQuest RoboLab Adventure Kit,ChatGPT,5,Finance Controller | Automotive,"Elevate your child's creativity and critical thinking with the STEMQuest RoboLab Adventure Kit. Perfect for the next generation of innovators, this kit empowers kids aged 8-12 to build and code their own robots using 150+ snap-together parts. With a Bluetooth-connected coding app and interactive story-based modules, it’s an engaging way to foster skills in technology and problem-solving—essential for future leaders in automotive finance and beyond.",65,1,3,1,0,0.3333333333333333,0.125,0.22916666666666666
STEMQuest RoboLab Adventure Kit,Claude,1,VP of Sales | FinTech,"Invest in tomorrow's tech innovators with the STEMQuest RoboLab Adventure Kit. Like developing a high-performing sales team, this Bluetooth-enabled robotics platform cultivates critical thinking and problem-solving skills through hands-on innovation. Watch your future FinTech leader transform 150+ components into working robots while mastering coding fundamentals through our intuitive app. It's not just play—it's early-stage talent development.",56,1,3,1,0,0.3333333333333333,0.125,0.22916666666666666
STEMQuest RoboLab Adventure Kit,Claude,2,VP of Sales | Biotech,"Inspire the next generation of biotech innovators with STEMQuest RoboLab, where young minds engineer their future through hands-on robotics. This comprehensive kit transforms complex STEM concepts into engaging discoveries, much like how we're revolutionizing personalized medicine today. With Bluetooth-enabled coding and 150+ components, it's the perfect platform for developing the critical thinking skills essential in tomorrow's breakthrough scientists.",58,1,4,0,0,0.4166666666666667,0.0,0.20833333333333334
STEMQuest RoboLab Adventure Kit,Claude,3,Machine Learning Engineer | Gaming,"As a fellow tech enthusiast, you'll appreciate how STEMQuest RoboLab brings game-like progression to robotics education. Using AI-driven learning modules and an intuitive coding interface, kids build increasingly complex robots while unlocking new challenges. It's like watching NPCs evolve, but in real life! Perfect for inspiring the next generation of engineers while keeping that gaming spirit alive.",57,1,2,0,0,0.25,0.0,0.125
STEMQuest RoboLab Adventure Kit,Claude,4,Pharmaceutical Regulatory Lead | Hospitality,"As a leader in process excellence, you'll appreciate how the STEMQuest RoboLab Adventure Kit systematically builds tomorrow's innovators. This comprehensive learning system combines precision engineering with structured, story-based modules that mirror professional development protocols. With 150+ components and Bluetooth-enabled coding capabilities, it transforms complex STEM concepts into measurable learning outcomes - perfect for cultivating analytical thinking in young minds.",59,0,0,1,0,0.0,0.125,0.0625
STEMQuest RoboLab Adventure Kit,Claude,5,Finance Controller | Automotive,"As a finance professional who values innovation, you'll appreciate how the STEMQuest RoboLab Adventure Kit builds tomorrow's tech leaders. This precision-engineered learning system teaches children fundamental coding and robotics principles through hands-on projects. With Bluetooth connectivity and real-time analytics via the companion app, you can monitor your child's progress while they develop critical problem-solving skills essential for the digital economy.",60,0,2,1,0,0.16666666666666666,0.125,0.14583333333333331
STEMQuest RoboLab Adventure Kit,Gemini,1,VP of Sales | FinTech,"Invest in your child's future, just like you invest in FinTech innovation. The STEMQuest RoboLab Adventure Kit empowers kids 8-12 to build and code robots with 150+ parts and a Bluetooth app.  It's an investment in creativity and critical thinking, essential skills for the next generation of tech leaders. Spark their curiosity and give them a head start in the world of tech and finance.",65,1,3,1,0,0.3333333333333333,0.125,0.22916666666666666
STEMQuest RoboLab Adventure Kit,Gemini,2,VP of Sales | Biotech,"Invest in the next generation of innovators, just like the leaders you admire in biotech. The STEMQuest RoboLab Adventure Kit empowers kids 8-12 to build and code robots, fostering the same critical thinking and problem-solving skills vital in personalized medicine and gene editing.  With 150+ parts and a Bluetooth coding app, it's the perfect gift to spark a lifelong passion for STEM.",62,1,3,1,0,0.3333333333333333,0.125,0.22916666666666666
STEMQuest RoboLab Adventure Kit,Gemini,3,Machine Learning Engineer | Gaming,"Level up your parenting game. The STEMQuest RoboLab Adventure Kit lets your kids build and code 150+ robot creations with a Bluetooth app.  Inspire the next generation of game developers with hands-on learning, interactive modules, and a rechargeable battery for hours of creative coding fun. Just like training an AI, watch their problem-solving skills evolve!",55,0,1,1,0,0.08333333333333333,0.125,0.10416666666666666
STEMQuest RoboLab Adventure Kit,Gemini,4,Pharmaceutical Regulatory Lead | Hospitality,"Foster the next generation of innovators, just like you lead in regulatory processes.  The STEMQuest RoboLab Adventure Kit empowers kids 8-12 to build and code robots through interactive story-based modules.  With 150+ parts and a Bluetooth app, it's a fun, engaging way to inspire critical thinking – a crucial skill for future leaders.",53,0,0,1,0,0.0,0.125,0.0625
STEMQuest RoboLab Adventure Kit,Gemini,5,Finance Controller | Automotive,"Invest in your child's future, just like you invest in the future of automotive finance. The STEMQuest RoboLab Adventure Kit offers a hands-on learning experience in coding and robotics, fostering the same critical thinking and problem-solving skills crucial in your industry.  With 150+ parts and a Bluetooth app, it's an engaging investment in their creativity and a fun introduction to the tech driving tomorrow's innovations.",65,1,3,1,0,0.3333333333333333,0.125,0.22916666666666666
LumiGlow Enchanted LED Wall Art Frame,ChatGPT,1,VP of Sales | FinTech,"Elevate your workspace and inspire creativity with the LumiGlow Enchanted LED Wall Art Frame. Measuring 24x36 inches, this eco-friendly piece transforms any room into a dynamic environment, perfect for energizing your team during brainstorming sessions. With built-in color-changing LED lights and a remote control featuring 16 options, you can easily set the mood for success. Make a statement that reflects your innovative spirit in the FinTech world.",67,1,1,1,2,0.16666666666666666,0.3333333333333333,0.25
LumiGlow Enchanted LED Wall Art Frame,ChatGPT,2,VP of Sales | Biotech,"Transform your workspace with the LumiGlow Enchanted LED Wall Art Frame, a perfect blend of innovation and elegance. At 24x36 inches, this striking piece features color-changing LED lights that enhance your environment, fostering creativity and inspiration during those pivotal sales meetings. With eco-friendly, energy-efficient design and remote control functionality, it’s a unique decor solution that reflects your forward-thinking approach in the ever-evolving biotech landscape. Illuminate your success!",67,1,1,1,2,0.16666666666666666,0.3333333333333333,0.25
LumiGlow Enchanted LED Wall Art Frame,ChatGPT,3,Machine Learning Engineer | Gaming,"Transform your gaming space with the LumiGlow Enchanted LED Wall Art Frame, designed for the modern professional like you. At 24x36 inches, this captivating piece features built-in color-changing LED lights and a remote control with 16 vibrant options, allowing you to set the perfect ambiance for gameplay or relaxation. As a machine learning engineer, you'll appreciate its eco-friendly energy-efficient design, making it a stylish yet responsible addition to your home. Elevate your environment today!",74,2,2,1,3,0.3333333333333333,0.4444444444444444,0.38888888888888884
LumiGlow Enchanted LED Wall Art Frame,ChatGPT,4,Pharmaceutical Regulatory Lead | Hospitality,"Elevate your workspace or home with the LumiGlow Enchanted LED Wall Art Frame. Designed for modern professionals like you, this 24x36 inch masterpiece transforms any room with its mesmerizing color-changing LED lights. Enhance your environment and inspire creativity with 16 vibrant options, all controlled effortlessly via remote. Its eco-friendly, energy-efficient design aligns perfectly with your commitment to innovation in the pharmaceutical and hospitality industries. Discover how ambiance can elevate your leadership experience!",72,1,2,1,2,0.25,0.3333333333333333,0.29166666666666663
LumiGlow Enchanted LED Wall Art Frame,ChatGPT,5,Finance Controller | Automotive,"Elevate your workspace with the LumiGlow Enchanted LED Wall Art Frame. This stunning 24x36 inch piece combines modern design with technology, featuring energy-efficient, color-changing LEDs controlled by a remote. As a finance controller in the automotive sector, you’ll appreciate how this unique decor not only transforms your environment but also sparks creativity and inspiration. Bring a touch of magic to your office and impress colleagues with your eye for innovative design.",71,2,4,1,0,0.5,0.1111111111111111,0.3055555555555556
LumiGlow Enchanted LED Wall Art Frame,Claude,1,VP of Sales | FinTech,"Elevate your office presence with the LumiGlow Enchanted LED Wall Art Frame - a sophisticated fusion of technology and design that makes a powerful statement. Perfect for creating an impactful atmosphere during client presentations or celebrating team wins, this smart 24x36"" display offers precise control over 16 professional-grade lighting configurations. Transform your workspace into an environment that reflects innovation and success.",61,0,1,1,0,0.08333333333333333,0.1111111111111111,0.09722222222222221
LumiGlow Enchanted LED Wall Art Frame,Claude,2,VP of Sales | Biotech,"Illuminate your space with the precision of cutting-edge LED technology. The LumiGlow Enchanted Wall Art Frame brings laboratory-grade lighting control to your environment, featuring 16 customizable settings that adapt to your workflow. Perfect for creating an inspiring atmosphere in your home office or adding sophisticated ambiance during executive presentations. This energy-efficient innovation seamlessly merges professional aesthetics with transformative design.",59,0,0,0,0,0.0,0.0,0.0
LumiGlow Enchanted LED Wall Art Frame,Claude,3,Machine Learning Engineer | Gaming,"Level up your workspace with the LumiGlow Enchanted LED Wall Art Frame, where gaming aesthetics meet cutting-edge technology. Like a perfectly-coded AI algorithm, this 24x36"" display seamlessly adapts to your environment with 16 programmable color variations. Transform your battle station into an immersive experience, with intelligent light patterns that respond to your preferences via remote control. Time to upgrade your setup's visual stats.",63,1,1,1,0,0.16666666666666666,0.1111111111111111,0.1388888888888889
LumiGlow Enchanted LED Wall Art Frame,Claude,4,Pharmaceutical Regulatory Lead | Hospitality,"Transform your professional environment with the LumiGlow Enchanted LED Wall Art Frame, where regulatory precision meets innovative design. Perfect for creating an engaging atmosphere in meeting spaces or reception areas, this energy-efficient masterpiece offers precise control over 16 color options. Enhance your workplace wellness initiatives while making a sophisticated statement - all with the convenience of remote operation and eco-conscious engineering.",61,0,0,1,0,0.0,0.1111111111111111,0.05555555555555555
LumiGlow Enchanted LED Wall Art Frame,Claude,5,Finance Controller | Automotive,"Bring the precision of financial analytics to your workspace with the LumiGlow Enchanted LED Wall Art Frame. This sophisticated 24x36"" display features intelligent remote-controlled LED technology, offering 16 customizable color options to match your professional environment. Track productivity patterns by adjusting ambiance throughout your day, while its energy-efficient design delivers measurable cost savings - a smart investment in both style and functionality.",62,0,1,1,1,0.08333333333333333,0.2222222222222222,0.15277777777777776
LumiGlow Enchanted LED Wall Art Frame,Gemini,1,VP of Sales | FinTech,"After a quarter of record sales, reward yourself with the LumiGlow Enchanted LED Wall Art Frame.  Its sleek, modern design and customizable LED lighting create the perfect ambiance for unwinding after a successful day leading the FinTech revolution.  At 24x36 inches, it makes a statement piece as impressive as your latest keynote.  Control the mood with a simple remote and enjoy its eco-friendly design.",64,1,3,1,1,0.3333333333333333,0.2222222222222222,0.2777777777777778
LumiGlow Enchanted LED Wall Art Frame,Gemini,2,VP of Sales | Biotech,"After a groundbreaking day in biotech, unwind with the LumiGlow Enchanted LED Frame.  Its mesmerizing, color-changing display creates a unique ambiance, perfect for the modern home.  Just like the innovative advancements you champion, this eco-friendly art piece brings a touch of future-forward design to your space. Control the mood with 16 color options at your fingertips.",56,1,2,0,1,0.25,0.1111111111111111,0.18055555555555555
LumiGlow Enchanted LED Wall Art Frame,Gemini,3,Machine Learning Engineer | Gaming,"Level up your gaming den's ambiance with the LumiGlow Enchanted LED Wall Art Frame.  Its dynamic, color-changing LEDs offer 16 million hues controllable via remote—perfect for setting the mood after a coding marathon or celebrating a hard-won boss battle.  Plus, its eco-friendly design aligns with a future-focused mindset.",48,1,0,1,1,0.08333333333333333,0.2222222222222222,0.15277777777777776
LumiGlow Enchanted LED Wall Art Frame,Gemini,4,Pharmaceutical Regulatory Lead | Hospitality,"After a long day leading regulatory processes, unwind with the LumiGlow Enchanted LED Wall Art Frame.  Its mesmerizing, color-changing LEDs create a transformative ambiance, perfect for enhancing your home environment. Eco-friendly and energy-efficient, much like the innovative solutions you champion at work,  this 24x36"" frame offers a touch of magic and modern artistry.",53,0,0,1,1,0.0,0.2222222222222222,0.1111111111111111
LumiGlow Enchanted LED Wall Art Frame,Gemini,5,Finance Controller | Automotive,"After a long day analyzing automotive financing trends, unwind with the LumiGlow Enchanted LED Wall Art Frame. Its sleek design and customizable LED lights create a captivating ambiance, perfect for the modern professional.  Eco-friendly and energy-efficient, just like the innovative solutions you explore in the automotive world.  Bring a touch of magic to your space and control the atmosphere with the touch of a button.",65,1,1,1,1,0.16666666666666666,0.2222222222222222,0.19444444444444442
